metric,value
mean,92618807249.82063
median,92550574456.43375
std,3714401472.8773494
min,78721749908.26138
max,107812414987.5568
p10,87902525985.67491
p25,90085520410.69762
p75,95066573843.51973
p90,97419055510.46936
per_capita_mean,10896.33026468478
